,0,1,2,3,4,5,6
0,店舗名,住所,経度,緯度,収容人数,ジャンル,深夜営業
1,原価酒場 トリアエズ,東京都渋谷区宇田川町33-12 J+RビルサイドR B1,139.6968151608,35.6610792872,80,居酒屋,営業している
2,プロント PRONTO 品川店,東京都港区港南１－８－２７,139.7437013256,35.6296721293,76,居酒屋,営業していない
3,新宿原価酒場 maru,東京都新宿区歌舞伎町１-16-2富士ビル9F・10F,139.7021186784,35.6937293631,120,居酒屋,営業している
4,ステーキハウス ハマ 銀座店,東京都中央区銀座７－６－１２第５ポールスタービル７F,139.7612835189,35.6693559109,44,イタリアン・フレンチ,営業していない
5,夜景個室バル GAKU 市ヶ谷駅前店,東京都千代田区五番町４－１市ヶ谷駅前ビル8階,139.7355645764,35.6905086751,100,ダイニングバー・バル,営業している
6,地鶏酒場 御蔵 北千住店,東京都足立区千住２-622階,139.8034722708,35.7493435891,130,居酒屋,営業している
7,塚田農場 飯田橋東口店 宮崎県日南市,東京都千代田区飯田橋４-７-８第3山商ビルiタワー 9階,139.7463421235,35.7011083252,110,居酒屋,営業している
8,パセラ 渋谷店,東京都渋谷区神南１－２２－９,139.7010000737,35.6613107617,300,カラオケ・パーティ,営業している
9,塊 KATAMARI ミートバル 銀座店,東京都中央区銀座２-２銀座インズ２Ｂ１Ｆ,139.764670802,35.6745109768,48,居酒屋,営業していない
10,完全個室 御庭,東京都千代田区有楽町１-2-9 TSビル4F,139.7602676312,35.6728582673,100,居酒屋,営業している
11,完全個室 御庭,東京都千代田区有楽町１-2-9 TSビル4F,139.7602676312,35.6728582673,100,居酒屋,営業している
12,Star Ruby 新宿歌舞伎町店,東京都新宿区歌舞伎町２-28-2東松ビルB1 AB号室,139.7032307109,35.6961024588,40,カラオケ・パーティ,営業している
13,エスニック アジアン ダイニング,東京都渋谷区恵比寿１-18-16★マイタイというお店の右側です！,139.7142900625,35.647274641,35,居酒屋,営業していない
14,やきとりセンター 水道橋西口駅前店,東京都千代田区神田三崎町２-22-18西山興業水道橋ビル6F,139.7521654671,35.7023644507,86,居酒屋,営業している
15,博多満月 秋葉原店,東京都千代田区神田佐久間町１-24GATOビル4F,139.7751811719,35.6983835704,54,居酒屋,営業している
16,中華料理 家宴 蒲田店,東京都大田区蒲田４-6-7,139.7230271992,35.5613837029,91,居酒屋,営業している
17,エレガンテヴィータ Elegante Vita,東京都渋谷区恵比寿西２－１０－１０,139.7066722935,35.649342816,100,ダイニングバー・バル,営業している
18,高田屋 池袋西口店,東京都豊島区西池袋１－１７－１０エキニア池袋ビルＢ１,139.7087910563,35.7310447818,136,居酒屋,営業していない
19,Dining Dj Bar One Lover 新宿店,東京都新宿区歌舞伎町１-12-9タテハナビルB1F,139.7026519015,35.6953486394,25,ダイニングバー・バル,営業している
20,Aquarium Lounge&Bar Cluz クルーズ,東京都武蔵野市吉祥寺本町２-8-4フォーラム24階,139.5779062565,35.7059338414,52,ダイニングバー・バル,営業している
21,ビストロ レガート Bistro Regato 新宿西口店,東京都新宿区西新宿７-１５-１５東宝観光ビルB1F,139.6979370245,35.6953479579,60,居酒屋,営業している
22,甘太郎 秋葉原店,東京都千代田区外神田１－１６－１トゥモロービル７Ｆ,139.7714651387,35.697389694,230,居酒屋,営業している
23,三代目鳥メロ 赤羽東口駅前店,東京都北区赤羽１‐８‐４赤羽商事ビル７Ｆ,139.7216491534,35.7787230851,103,居酒屋,営業している
24,木村屋本店 蒲田西口,東京都大田区西蒲田７-32-6,139.7130315793,35.5633679357,113,居酒屋,営業していない
25,タパス＆タパス 池袋店,東京都豊島区東池袋１－１２－１０ヤンズビルＢ１,139.7144600806,35.7295034405,55,イタリアン・フレンチ,営業していない
26,京レストラン Ubcra ウブクラ,東京都渋谷区恵比寿西１‐3‐11,139.7082055069,35.6490845527,120,居酒屋,営業している
27,ラシックアンジュール Le chic unjour,東京都中央区銀座２－３－６銀座並木通りビル６Ｆ,139.7660695811,35.6742871505,100,ダイニングバー・バル,営業していない
28,銀座ライオン 汐留店,東京都港区東新橋１－５－３旧新橋停車場内,139.7614919686,35.6660174034,254,ダイニングバー・バル,営業していない
29,串家物語 新宿東宝ビル店,東京都新宿区歌舞伎町１-19-1新宿東宝ビル１Ｆ,139.7019686273,35.6953208465,80,居酒屋,営業していない
30,鶏の久兵衛 品川本店,東京都港区港南２－２－２富士ビル5.6F,139.7422284103,35.6292904663,60,居酒屋,営業している
31,菜々邸 八王子店,東京都八王子市三崎町4-93F,139.3368842815,35.657599842,100,居酒屋,営業している
32,シュペッツレ 表参道ヒルズ店,東京都渋谷区神宮前４－１２－１０表参道ヒルズ本館地下３Ｆ,139.7089463822,35.667260304,60,イタリアン・フレンチ,営業していない
33,日本海庄や 北千住サンロード店,東京都足立区千住３－３５－２こべに屋千住第一ビル１・２Ｆ,139.8031524858,35.7515724961,92,居酒屋,営業していない
34,居酒屋 官兵衛 渋谷駅前店,東京都渋谷区渋谷１-25-6渋谷パークサイドビル4F,139.7014562138,35.6596198532,112,居酒屋,営業している
35,アフーネ 銀座,東京都中央区銀座４－１０－３セントラルビルB1,139.7676532061,35.670593442,34,居酒屋,営業していない
36,ゆずの庭 秋葉原店,東京都千代田区神田佐久間町１－１５川初ビル７階,139.7745562485,35.697800286,150,居酒屋,営業していない
37,鳥江戸こまち 新橋店,東京都港区新橋２-2-6,139.7551704922,35.6677312082,150,居酒屋,営業している
38,ニユートーキヨ―ビヤホール 数寄屋橋本店,東京都千代田区有楽町２-2-1 X-PLESS有楽町 1F 2F,139.7611420039,35.6727949645,170,居酒屋,営業していない
39,ばく 夢喰 五反田店,東京都品川区西五反田１-18 Gotanda exビル 8F,139.7229413828,35.6237022469,140,居酒屋,営業している
40,くいもの屋 わん 新橋店,東京都港区新橋２－１９－１０新橋マリンビル10F,139.7593615614,35.6668283663,140,居酒屋,営業している
41,個室居酒屋 煙 国分寺店,東京都国分寺市南町２-16-19 2F,139.4810792103,35.6994008917,100,居酒屋,営業していない
42,筑前屋 神田東口店,東京都千代田区鍛冶町２-2-9共伸会館2F,139.7714575973,35.6915281315,85,居酒屋,営業している
43,かまどか 北千住店,東京都足立区千住３-77きたテラス３Ｆ,139.8039682895,35.7505895731,95,居酒屋,営業している
44,甘太郎 品川港南口店,東京都港区港南２－５－１１第三洋行品川ビル３Ｆ,139.7432089157,35.6284655853,140,居酒屋,営業していない
45,ビストロ ブリーズ bistro Breathe,東京都立川市曙町２-22-22木村ビルZwei2F,139.4170777442,35.6988589766,35,ダイニングバー・バル,営業している
46,庄や 池袋西口店,東京都豊島区西池袋１-37-16 大庄池袋西口ビル,139.7093118018,35.7321260628,138,居酒屋,営業している
47,シュラスカリア シベロッキー SHIBEROCKY 北千住店,東京都足立区千住１-27-1,139.8018832986,35.7478712123,38,ダイニングバー・バル,営業していない
48,2階肉バル ノースマン蒲田東口店,東京都大田区蒲田５－１８－１０２F,139.7184758757,35.5624601273,105,居酒屋,営業している
49,甘太郎 町田店,東京都町田市原町田４-11コロンブスビル５Ｆ,139.4486693213,35.5424010572,230,居酒屋,営業している
50,MAISON NEW YORK KITCHEN 肉 BISTRO 新橋駅前店,東京都港区新橋２-９-１５階,139.7562479239,35.6671532465,150,居酒屋,営業している
51,肉バル USHIZUKI VACCA 木場店,東京都江東区木場５-5-13 斎藤ビル1F,139.8062508026,35.6695962536,42,ダイニングバー・バル,営業していない
52,食王 Le cuisine Tabeking,東京都台東区蔵前３-1-11 蔵マンション1F,139.7904310724,35.7031845493,60,居酒屋,営業している
53,はなの舞 西新宿店,東京都新宿区西新宿１-１４-１ー１Ｆ,139.6969937465,35.6890455871,212,居酒屋,営業している
54,えんや 御徒町店,東京都台東区上野５－２５－８御徒町グランディアビル3階,139.7754752292,35.7073853424,160,居酒屋,営業していない
55,肉バル ファヒータ 新宿店,東京都新宿区西新宿７-5-6 新宿ダイカンプラザ7562F,139.6982966694,35.6965128363,80,居酒屋,営業している
56,個室肉バル VERDE ヴェルデ 新小岩店,東京都葛飾区新小岩１-49-3 第94東京ビル4F,139.8594941449,35.7157974808,80,居酒屋,営業している
57,米助 YONESUKE 錦糸町店,東京都墨田区江東橋４－２８－１下町ビル１F,139.8163247108,35.696189086,110,居酒屋,営業している
58,UP 新宿3丁目店 ダーツ Darts アップ,東京都新宿区新宿３-12-12吉田ビル3F,139.7061553621,35.6916777575,60,ダイニングバー・バル,営業している
59,バルチャチャ BAL ChaCha 新橋駅前店,東京都港区新橋２－６－５織田興産ビルB１１０Ｆ,139.7572367111,35.6675948899,75,居酒屋,営業している
60,ワイン酒場 ガブリシャス GabuLicious 渋谷店,東京都渋谷区道玄坂２－１０－３,139.696700578,35.6578443706,62,居酒屋,営業していない
61,ふうふう亭縁席 西武新宿駅前店,東京都新宿区歌舞伎町１-26-6 灯ビル6F,139.7004507117,35.6950488921,86,焼肉・ホルモン,営業している
62,シエスタ 銀座,東京都中央区銀座７－８－１９東京ビル１Ｆ,139.762532853,35.669461488,108,ダイニングバー・バル,営業している
63,北六 神田駅前店,東京都千代田区内神田３-14-7内神田314ビル【６階】※外観が目立つマンボーPLUSの少し先です,139.7700174285,35.69186,175,居酒屋,営業している
64,座楽 ZARAKU 渋谷店,東京都渋谷区渋谷１-25-6 渋谷パークサイト共同ビル３階,139.7014750971,35.6597192869,110,居酒屋,営業している
65,三代目鳥メロ 渋谷道玄坂店,東京都渋谷区道玄坂１-18-8 道玄坂プラザ仁科屋ビルB1,139.6964617293,35.6573455315,48,居酒屋,営業している
66,バブルス東京 Bubbles Tokyo,東京都豊島区南池袋１-27-8  サンパレスビル5階,139.7128777189,35.7294114641,150,居酒屋,営業している
67,香家 こうや kouya 新宿西口駅前店,東京都新宿区西新宿１-10-2 110ビルB1,139.6983177723,35.689750543,142,居酒屋,営業していない
68,居酒屋 慶太郎酒場 高田馬場店,東京都新宿区高田馬場３-1-2,139.7038760429,35.7141354446,70,居酒屋,営業している
69,銀座 マルゴ BAR DINING MARUGO,東京都中央区銀座５-4-15 3F,139.7629080135,35.6715898696,30,居酒屋,営業している
70,地鶏料理 個室居酒屋 鳥代 高田馬場店,東京都新宿区高田馬場１-27-6ＫＩビル4Ｆ,139.7047988081,35.7124939875,116,居酒屋,営業している
71,石狩川 新宿,東京都新宿区西新宿１－１５－４第２セイコービル４Ｆ,139.6974870468,35.6888250695,110,和食,営業している
72,キチリ KICHIRI MOLLIS 新宿通り,東京都新宿区新宿３丁目26番13号新宿中村屋ビル6F,139.7021457024,35.691690149,160,居酒屋,営業している
73,薩摩魚鮮水産 八重洲中央口店,東京都中央区日本橋３－４－１５八重洲通りビルB１,139.7708020087,35.679912755,140,居酒屋,営業している
74,Grace Family 火鍋 恵比寿店,東京都渋谷区恵比寿１-11-9 グランベル III 6F,139.7113278457,35.6464879838,40,和食,営業している
75,塚田農場 新宿西口郵便局前店 宮崎県日南市,東京都新宿区西新宿１－１２－７第二清新ビル３階,139.6971592645,35.6896313589,132,居酒屋,営業している
76,テング酒場 大森北口店,東京都品川区南大井６－１７－１２ＷＡＲＭＬＩＧＨＴＢＬＤ２３Ｆ,139.7295980127,35.5896537547,112,居酒屋,営業していない
77,ととや 新宿西口駅前店,東京都新宿区西新宿１-4-1 プリンスビル5F-A,139.698915092,35.6929801952,270,居酒屋,営業している
78,春香園 蒲田店 2号館,東京都大田区蒲田４－１９－１,139.7218195146,35.5616153113,90,居酒屋,営業している
79,肉バル 牛タン個室ダイニング TORITAN 蒲田駅前店,東京都大田区西蒲田７－６７－１４三晃ビル3階,139.7140371045,35.5619875622,80,ダイニングバー・バル,営業している
80,甘太郎 北千住店,東京都足立区千住３－７２白亜ビル４Ｆ,139.8032422199,35.7510892196,350,居酒屋,営業している
81,ランバリオン Rumbullion,東京都町田市原町田６－２０－１０Ｂ１Ｆ,139.4479290457,35.5439366981,45,ダイニングバー・バル,営業している
82,有楽町個室バル バンケット,東京都千代田区有楽町１-2-9 TSビル3F,139.760279022,35.6727879978,80,居酒屋,営業していない
83,YAKITORI&SAKE 鳥光國 上野の森さくらテラス店,東京都台東区上野公園1-54 上野の森さくらテラスB1,139.7745751176,35.7120572922,90,居酒屋,営業している
84,ジャルダン JARDIN,東京都立川市曙町１－３１－１カーロビル２Ｆ,139.4119898195,35.6994959921,80,ダイニングバー・バル,営業している
85,海鮮居酒屋 うお八 渋谷道玄坂店,東京都渋谷区道玄坂１-6-8つか田ビル1Ｆ～4Ｆ,139.6990226026,35.6578499875,110,居酒屋,営業している
86,ラクレット 蒲田本店,東京都大田区蒲田４-19-3２F,139.7220769953,35.561550881,110,居酒屋,営業している
87,くいもの屋 わん 新宿通り店,東京都新宿区新宿３－１７－４新宿レミナビル９Ｆ,139.703351428,35.6918212776,160,居酒屋,営業している
88,Uno ウーノ 新宿東口店,東京都新宿区歌舞伎町１－１８－５,139.7014473055,35.6947550629,150,ダイニングバー・バル,営業している
89,ぶっちぎり酒場 渋谷スペイン坂店,東京都渋谷区宇田川町13-7小安ビル６階,139.6987030607,35.6609607398,100,居酒屋,営業している
90,347CAFE&LOUNGE 渋谷,東京都渋谷区渋谷１-23-16 cocotiビル3階,139.702585187,35.6620534982,109,ダイニングバー・バル,営業していない
91,居酒屋 楽が気 新橋本店,東京都港区新橋３-21-41F，2F,139.7580172983,35.6651535189,50,居酒屋,営業している
92,思い出酒場 えんなすび 新宿 西口店,東京都新宿区西新宿１-2-1ファイブケイビル3F,139.6995580795,35.6933126749,90,居酒屋,営業している
93,ベジあげKitchen870,東京都立川市錦町１-2-5  三浦ビル 1F,139.4163312017,35.6973407948,34,ダイニングバー・バル,営業している
94,うおや一丁 銀座本店,東京都中央区銀座１－２－３東京高速道路下・中央通り側２Ｆ,139.7687062651,35.6751960076,462,和食,営業している
95,京のおもてなし 個室居酒屋 遊庵 浜松町・大門店,東京都港区浜松町２-5-8浜松町ビル4F,139.7561634499,35.6542241439,100,居酒屋,営業している
96,吉蔵 赤羽本店,東京都北区赤羽１-2-1赤羽南大野ビル５F,139.7216361289,35.777980113,150,居酒屋,営業している
97,炭焼万能飯所 勘九朗 かんくろう 渋谷,東京都渋谷区宇田川町１３－４ちとせ会館アネックス,139.6986505518,35.6612937565,62,居酒屋,営業している
98,月の風 蒲田西口店,東京都大田区西蒲田７-4-6,139.7159840832,35.5639512821,80,居酒屋,営業している
99,中華風居酒屋 華豊 新橋本店,東京都港区新橋４－５－１アーバン新橋ビルＢ１Ｆ,139.7553564091,35.665256214,70,居酒屋,営業していない
100,ボラボラ Borabora 立川店,東京都立川市柴崎町３－７－５ヒューマックスパビリオンＢ１Ｆ,139.4124265737,35.6963619128,280,ダイニングバー・バル,営業している
101,チーズ f エフ 渋谷店,東京都渋谷区道玄坂２-6-17 TOHOシネマズ渋谷B1F,139.6988767282,35.6591864998,100,イタリアン・フレンチ,営業している
102,坐 和民 新宿西口店,東京都新宿区西新宿１‐１６‐４フジビル２４～５Ｆ,139.6980769885,35.689027007,193,居酒屋,営業している
103,海鮮個室酒房 瀬戸 新橋店,東京都港区新橋２-15-185Ｆ,139.7561093408,35.6667480106,200,居酒屋,営業している
104,NO.1焼肉しゃぶしゃぶ 新宿東口,東京都新宿区歌舞伎町１‐8－2,139.7032107873,35.6942418345,36,焼肉・ホルモン,営業している
105,玄品 渋谷,東京都渋谷区宇田川町23-3渋谷第一勧銀共同ビル8F,139.6995533118,35.6598245016,67,和食,営業していない
106,焼肉 最牛 SAIGYU 渋谷店,東京都渋谷区宇田川町６-１１ 原宿パークマンションB1F,139.6968428221,35.6639273006,42,焼肉・ホルモン,営業していない
107,鳥道楽 蒲田店,東京都大田区蒲田５-20-1 1番街ビルC棟2階,139.717912332,35.5619687786,60,居酒屋,営業している
108,赤から 立川高松店,東京都立川市高松町１-24-37,139.4216835505,35.7105874976,110,和食,営業していない
109,北海道 国分寺南口駅前店,東京都国分寺市南町３-9-15国分寺ステップス4F,139.4806728749,35.6989284342,171,和食,営業している
110,NO SPICE NO LIFE ノースパイス ノーライフ 新大久保,東京都新宿区歌舞伎町２-45-7 大喜ビル 1F,139.7004606319,35.6970153375,17,韓国料理,営業している
111,技屋 wazaya 新宿西口店,東京都新宿区西新宿１丁目２－１思横ビル4F ,139.6995172487,35.6933373933,100,居酒屋,営業していない
112,痛快酒場 新橋店 別館,東京都港区新橋６-5-3 山田屋ビルB1,139.7546065986,35.6621204358,120,居酒屋,営業している
113,リュウヅキ Ryuduki 錦糸町,東京都墨田区江東橋４－２５－５ＳＵＺＵＫＩＢＬＤ６Ｆ,139.81688608,35.6954961235,200,ダイニングバー・バル,営業している
114,SuNaBa スナバ,東京都渋谷区道玄坂１-3-11 一番ビルB2,139.6996330891,35.6582788444,80,カラオケ・パーティ,営業している
115,しゃぶしゃぶ 鍋料理 鍋二郎 新宿本店,東京都新宿区歌舞伎町１-１７-７-B1,139.70128539,35.6943759347,60,居酒屋,営業している
116,6 Connection Dining,東京都新宿区西新宿１－１９－１１西新宿甲州ビル ４Ｆ,139.6967168568,35.6882687227,28,ダイニングバー・バル,営業している
117,熱中酒場 夢吉 新小岩店,東京都葛飾区新小岩１-42-8,139.8591852804,35.715841912,50,居酒屋,営業している
118,魚河岸 美舟 uogashi mifune,東京都町田市森野１－３２－１３,139.4434903824,35.5477805924,96,居酒屋,営業していない
119,テング酒場 京王八王子店,東京都八王子市旭町１２－１ファルマ８０２Ｂ１Ｆ,139.3413058534,35.6574794169,113,居酒屋,営業していない
120,シュラスコ アミーゴ Amigo 新宿東口店,東京都新宿区歌舞伎町１-18-5 B2,139.7014628595,35.6947595073,150,カラオケ・パーティ,営業している
121,SAIKA サイカ 銀座店,東京都中央区銀座２-4-18 アルボーレ銀座6F,139.7662579008,35.6742277178,120,イタリアン・フレンチ,営業していない
122,煮込屋 三蔵 岩本町店,東京都千代田区神田岩本町1 岩本町ビルB1階,139.7749921124,35.6961190981,90,居酒屋,営業している
123,花の宴 新宿東口店,東京都新宿区新宿３-21-4第二新宿サンパークビル4F,139.7021575925,35.6930211106,50,居酒屋,営業している
124,個室焼鳥バル 鳥物語 新宿東口店,東京都新宿区歌舞伎町１－２３－１３下村ビル２F,139.7010181954,35.6942542746,60,居酒屋,営業している
125,いろはにほへと 池袋メトロポリタン通り店,東京都豊島区西池袋１－１０－１ＩＳＯビルＢ１,139.7089244503,35.7292533206,140,居酒屋,営業している
126,やきとんうまか市場 まるし 木場店,東京都江東区木場５-5-14 銀寿司ビル,139.8061663634,35.6696431905,75,居酒屋,営業している
127,魚民 飯田橋駅前店,東京都新宿区揚場町１－１１ 飯田橋中央ビル ５F,139.7437870104,35.7024136654,107,居酒屋,営業している
128,個室居酒屋 和食郷土料理 いちが屋 市ヶ谷本店,東京都千代田区五番町４－１市ヶ谷駅前ビル７階,139.7355645764,35.6905086751,90,居酒屋,営業している
129,魚の目利き 八重洲店,東京都中央区日本橋３-2-16マスヤビル7F,139.771138065,35.6805674125,50,居酒屋,営業している
130,カルネステーション 銀座本店,東京都中央区銀座８－１０銀座ナイン３号館Ｂ１Ｆ,139.7615524752,35.6671075601,420,焼肉・ホルモン,営業していない
131,ジーニーズ 町田店,東京都町田市森野１-35-8,139.4446178639,35.5458258423,68,居酒屋,営業していない
132,The OLIVE オリーブ 新宿東口店,東京都新宿区歌舞伎町１－１７－７,139.7013714922,35.694415377,60,イタリアン・フレンチ,営業している
133,ブレントウッドテラス BRENTWOOD TERRACE,東京都渋谷区千駄ヶ谷１－２０－３Barbizon11 1F ,139.7104641058,35.6792481613,120,イタリアン・フレンチ,営業していない
134,上州牛と大型個室居酒屋 一歩 本店,東京都新宿区西新宿１-18-5甲新ビルB1F-B,139.6984566905,35.6887273287,120,居酒屋,営業している
135,笑笑 品川港南口駅前店,東京都港区港南２－４－１８第２秋山ビル５Ｆ,139.7437983006,35.6287022411,110,居酒屋,営業している
136,隠れ房 新宿店 創作和食ダイニング,東京都新宿区新宿３－１５－１１アドホック新宿ビル７Ｆ,139.7032708401,35.6927989431,180,居酒屋,営業していない
137,坐 和民 新宿大ガード店,東京都新宿区西新宿１-3-1新宿サン・フラワービル9F・10Ｆ,139.6988128629,35.6933682043,160,居酒屋,営業している
138,玄品 新宿歌舞伎町,東京都新宿区歌舞伎町１－２－６三経55ビル,139.7040396195,35.6938982843,67,和食,営業している
139,大衆酒場 ちばチャン 池袋本店,東京都豊島区東池袋１21-13aune池袋８Ｆ,139.7159862996,35.7305014244,250,居酒屋,営業している
140,ちび九炉 ちびくろ 調布中央口店,東京都調布市布田１－４１－１菊屋ビルＢ１Ｆ,139.5444890292,35.6521279055,40,居酒屋,営業している
141,天空の雫 新宿東口店,東京都新宿区歌舞伎町１-６-３東海苑ビル5階,139.7025278178,35.6935427284,100,居酒屋,営業している
142,鳥キング 新宿店,東京都新宿区歌舞伎町１-15-8 2F,139.7021422681,35.6942143091,60,居酒屋,営業している
143,瓦 ダイニング kawara CAFE&DINING 渋谷文化村通り店,東京都渋谷区宇田川町２８－３いちご渋谷文化村通りビル７Ｆ,139.6981753556,35.6602663595,50,居酒屋,営業していない
144,炭火焼 干物 越後屋竜庵,東京都港区芝５－１７－１２１～３階,139.7467219809,35.6485084237,91,居酒屋,営業している
145,酔っ手羽 大井町店,東京都品川区東大井６‐1‐2,139.7349327889,35.6047708078,72,居酒屋,営業している
146,中華居酒屋 龍記 京橋・銀座店,東京都中央区京橋３-3-13平和ビル3号館2F,139.7681187972,35.6756387199,170,居酒屋,営業していない
147,Nomo Nomo 飲も飲も 池袋東口店,東京都豊島区東池袋１－１２－１５近代ビル５Ｆ,139.7147606212,35.7292393116,80,ダイニングバー・バル,営業している
148,食べ放題酒場 腹十二分目 新宿店,東京都新宿区歌舞伎町１-17-11プレーンシティビル3F,139.7015162127,35.6941517994,80,居酒屋,営業している
149,銀花 新橋駅前店,東京都港区新橋３-16-3烏森ビル5Ｆ,139.7571284661,35.6656228867,100,居酒屋,営業している
150,北国居酒屋 んだんだ 新宿三丁目店,東京都新宿区新宿３-6-11庄助ビル2Ｆ・3F,139.7059790014,35.6913491787,100,居酒屋,営業している
151,でじにらんど 大久保店,東京都新宿区百人町１－１７－６,139.6975154224,35.7015533588,56,韓国料理,営業している
152,木村屋本店 渋谷109前,東京都渋谷区宇田川町２３－５ハイマンテン渋谷ビル４Ｆ,139.6992725024,35.6598219944,160,居酒屋,営業している
153,大衆ワイン酒場 バルバル はなれ 錦糸町南口店,東京都墨田区江東橋２-17-4ファミービル1F,139.8124300508,35.6959587298,56,居酒屋,営業していない
154,和楽屋 池袋店,東京都豊島区西池袋１-38-3,139.709207898,35.7327171045,72,居酒屋,営業していない
155,贅沢肉バル濃厚チーズフォンデュ UMAMIYA うまみや 渋谷店,東京都渋谷区道玄坂２-28-2 MMビル3階,139.6976187815,35.6591370273,80,居酒屋,営業している
156,北海道 田町店,東京都港区芝５－３１－２４勝文館ビル６Ｆ,139.7457051949,35.6467080436,88,和食,営業していない
157,八剣伝 芦花公園店,東京都杉並区上高井戸１-１９-３,139.6092130663,35.6704792264,30,居酒屋,営業している
158,個室 日本酒 せんや 神楽坂本店,東京都新宿区神楽坂１－１０ 三径ビル６Ｆ,139.7422202773,35.7004671761,35,居酒屋,営業している
159,中條 赤坂見附店,東京都港区赤坂３-10-3 黛ビル B2F,139.7367247728,35.676243368,213,居酒屋,営業している
160,個室居酒屋 伊乃 上野店,東京都台東区上野７-2-5 ホテルニューウエノ 2F,139.7775731681,35.7127572937,197,居酒屋,営業している
161,ベルサイユの豚 田町,東京都港区芝５-２６-２０ 建築会館２階,139.7461226282,35.6474896335,120,ダイニングバー・バル,営業している
162,肉バル隠れ家個室ダイニング DOMO DOMO 錦糸町店,東京都墨田区江東橋３－５－７ソシアルビル２Ｆ,139.813683066,35.6943170037,60,ダイニングバー・バル,営業している
163,カツキ 銀座本店,東京都中央区銀座７-11-10 相鉄フレッサイン銀座7丁目2Ｆ,139.7630728647,35.6680286082,90,居酒屋,営業していない
164,UMAMIYA 渋谷店,東京都渋谷区道玄坂２-28-2MMビル3階,139.6976065595,35.659155636,80,居酒屋,営業している
165,居酒屋 ダイニング バル MAITA まいた 渋谷,東京都渋谷区渋谷２-19-17第106東京ビル 9F,139.704086545,35.6596418653,70,居酒屋,営業している
166,北海道 渋谷駅前店,東京都渋谷区渋谷１－２４－１０渋谷全線座ビル３Ｆ,139.7021039159,35.6601356457,420,和食,営業している
167,塚田農場 渋谷本店 宮崎県日南市,東京都渋谷区道玄坂２－６－１岩崎ビル３階,139.698962554,35.659190946,68,居酒屋,営業している
168,海幸山幸たまて箱,東京都新宿区西新宿１-４-５明広ビル 5F,139.6986159534,35.6929135281,100,居酒屋,営業している
169,黒木屋 渋谷109前,東京都渋谷区宇田川町２３－５ハイマンテン渋谷ビル４Ｆ,139.6992725024,35.6598219944,90,居酒屋,営業している
170,金の蔵 新宿東口店,東京都新宿区新宿３－３５－１８新宿ニューアサヒビル５Ｆ,139.7030731934,35.6899514808,129,居酒屋,営業している
171,金鍋 KinNabe 新宿東口店,東京都新宿区新宿５－１０－１４,139.7081151273,35.6933767852,100,中華,営業していない
172,和牛肉バル 錦えもん 赤坂見附本店,東京都港区赤坂４‐2‐5ヤブタビルB1,139.7357243237,35.675708957,32,居酒屋,営業している
173,はなの舞 北千住店,東京都足立区千住２－５４北千住ハリウッドビル１Ｆ～３Ｆ,139.8034739159,35.7498757514,450,居酒屋,営業している
174,焼肉 鉄人 新宿歌舞伎町店,東京都新宿区歌舞伎町２-13-4,139.7048127801,35.6965624493,50,焼肉・ホルモン,営業している
175,安安 あんあん 蒲田店,東京都大田区蒲田５－１１－９２F,139.7173353992,35.5629050469,70,焼肉・ホルモン,営業している
176,町田テラス 町田駅前店,東京都町田市原町田６-20-13 ヤマダイビル3F ,139.4475682546,35.5436450547,80,ダイニングバー・バル,営業している
177,銀座つる,東京都中央区銀座７－１０－５The ORB Luminous 2F,139.7634208697,35.6685510587,44,和食,営業していない
178,目利きの銀次 北千住西口駅前店,東京都足立区千住２－６２ 北千住居酒屋ビル １Ｆ・２Ｆ・３Ｆ,139.8042230475,35.7491672402,140,居酒屋,営業している
179,名古屋コーチン専門個室居酒屋 吉乃 新橋店,東京都港区新橋２-16-12Ｆ,139.7576508754,35.6667758265,160,居酒屋,営業している
180,フォルスト FORST 新宿6丁目,東京都新宿区新宿６-７-１エルプリメント新宿１F,139.7092741912,35.6934840263,60,居酒屋,営業していない
181,鶏居酒 五反田駅前店,東京都品川区西五反田１-11-8大成ビル【５階】※角地、１階が紳士服のＡＯＫＩのビル,139.7233524351,35.6242994129,250,居酒屋,営業している
182,多馥 タフク 八王子,東京都八王子市東町12-14青木ビル3Ｆ,139.3382327569,35.658119819,54,居酒屋,営業していない
183,魚とワイン サカナメルカート・ゼン 愛宕グリーンヒルズ店,東京都港区愛宕２－５－１愛宕グリーンヒルズMORIタワー3階,139.7488801398,35.6621369475,70,居酒屋,営業していない
184,田町の名物家,東京都港区芝４-12-2本芝ビルB1,139.7503436395,35.6479663593,50,居酒屋,営業している
185,ばんざい 蒲田店,東京都大田区西蒲田７－５－６FDI蒲田西口駅前ビル４F,139.7154535892,35.5635374256,56,居酒屋,営業している
186,路地や Roger 品川高輪店,東京都港区高輪３-25-18 関ビル1F,139.7379704004,35.6302430232,52,焼肉・ホルモン,営業している
187,北海道 飯田橋駅前店,東京都新宿区神楽河岸１－１セントラルプラザビル２０Ｆ,139.7434629372,35.7007724527,368,和食,営業していない
188,Oriental Market&Bistro NIJYU-MARU にじゅうまる 新宿西口店,東京都新宿区西新宿１-16-11ＡＩビルＢ１Ｆ,139.6978247782,35.6892655845,100,居酒屋,営業していない
189,完全個室居酒屋 和粋 八重洲店,東京都中央区八重洲１-7-13 大竹第6ビルB1F,139.7705103333,35.6807470977,50,居酒屋,営業している
190,京ほのか 秋葉原店,東京都千代田区神田佐久間町１－１５川初ビル７階,139.7745562485,35.697800286,150,居酒屋,営業していない
191,青空 はるたか,東京都新宿区新宿３-19-4 MLJ新宿ビル8F-B,139.7025833987,35.692794203,198,居酒屋,営業している
192,カシータ Casita 新宿東口店,東京都新宿区歌舞伎町１-12-3 ＭＯＮビル4Ｆ,139.7023824995,35.6948597983,120,ダイニングバー・バル,営業している
193,にじゅうまる NIJYU-MARU 池袋60階通り店,東京都豊島区東池袋１－２９－１サントロペビル７Ｆ,139.7164607105,35.7303309007,200,居酒屋,営業している
194,トリニティースピア Trinity Spear,東京都八王子市三崎町5-14 竹生ビル3F,139.3355510605,35.657635636,40,居酒屋,営業している
195,九州個室居酒屋 博多花蔵 八重洲店,東京都中央区八重洲１－6-15 キングビル4F,139.7703192178,35.6812603681,60,居酒屋,営業していない
196,メソン・セルバンテス,東京都千代田区六番町2-9セルバンテスビル7F,139.7353738472,35.6883197499,70,ダイニングバー・バル,営業していない
197,九州黒太鼓 新橋,東京都港区新橋２-15-7 S-PLAZA弥生ビル8F,139.7567506859,35.6664811133,70,居酒屋,営業している
198,グリルダイニング ランドーズ 南池袋1号店,東京都豊島区南池袋２-18-42F,139.7134130628,35.7266342913,46,居酒屋,営業している
199,美の邸 vino-tei 秋葉原駅前店,東京都千代田区神田佐久間町１-13チョムチョム秋葉原6F,139.7742048829,35.6979633138,180,居酒屋,営業している
200,びすとろ家 新橋銀座口店,東京都港区新橋１－５－６銀座第３誠和ビル4Ｆ※銀座4丁目店とは異なります,139.7598003777,35.6677074457,105,居酒屋,営業している
201,サルヴァトーレ クオモ SALVATORE CUOMO &BAR ザ・ビー池袋,東京都豊島区東池袋１-39-4 ザ・ビー池袋2Ｆ,139.7142710955,35.7322947875,120,ダイニングバー・バル,営業している
202,肉寿司×熟成肉 肉BOOM,東京都八王子市旭町６－１３第９５東京ビル４F,139.3381322676,35.6566663692,100,居酒屋,営業している
203,鳥右衛門 新橋店,東京都港区新橋３-23-1 7階B,139.7577481719,35.6647205049,120,居酒屋,営業している
204,居酒屋 旬菜 吉祥寺,東京都武蔵野市吉祥寺本町１‐10‐4古城ビル4F,139.5786726046,35.7053214308,100,居酒屋,営業している
205,ウルフギャング パック WOLFGANG PUCK PIZZA BAR アレア品川店,東京都港区港南１-9-36ＮTTデータビルアレア品川1F,139.7412001396,35.6299070361,134,イタリアン・フレンチ,営業していない
206,大人個室ダイニング GAIA ガイア 赤羽店,東京都北区赤羽１‐14‐1-6F,139.7210469561,35.7793757732,70,居酒屋,営業している
207,肉割烹 かぐら 有楽町店,東京都千代田区有楽町１-6-1第二日比谷ビル３F,139.7604750754,35.6738081659,60,居酒屋,営業している
208,DOMO DOMO 池袋東口店,東京都豊島区東池袋１－２８－４近代ビル１,139.7162493704,35.7295657035,70,ダイニングバー・バル,営業している
209,Bar Ream バー リアム 池袋西口店,東京都豊島区西池袋３-31-15 ロイヤルプラザ5F,139.7060057499,35.7307380753,30,カラオケ・パーティ,営業している
210,居酒屋 うっとり UTTORI 新宿東口店,東京都新宿区歌舞伎町１-16-2 富士ビル9階 ,139.7020217432,35.6937051965,140,居酒屋,営業している
211,大衆酒場 ちばチャン 渋谷店,東京都渋谷区宇田川町13-8ちとせ会館4F,139.6985369527,35.6612359822,220,居酒屋,営業している
212,マスターシェフキッチン,東京都港区芝２-2-12 2F,139.7536739884,35.6529942158,50,居酒屋,営業していない
213,シエロイリオ Cielo y Rio ヒガシ,東京都墨田区江東橋３－１４－５テルミナ５Ｆ,139.8141973831,35.6963959502,98,イタリアン・フレンチ,営業していない
214,溶岩焼肉ダイニング bonbori 渋谷宮益坂店,東京都渋谷区渋谷１15－16ソシアビル1F,139.7029402196,35.6604884061,36,焼肉・ホルモン,営業していない
215,TGIフライデーズ 池袋サンシャイン店,東京都豊島区東池袋１－２１－１３aune池袋２Ｆ,139.7159735244,35.730464206,170,ダイニングバー・バル,営業している
216,ワールドダイナー WORLDDINER,東京都中央区銀座１-8-19 KIRARITO銀座7F,139.7686215908,35.6741833416,87,焼肉・ホルモン,営業していない
217,シュラスコ CHURRASKO 新宿総本店,東京都新宿区歌舞伎町１-12-6歌舞伎町ビル３F,139.7025052556,35.6951394923,100,居酒屋,営業している
218,家偉族 KAIZOKU 立川本店,東京都立川市曙町２-7-19 MAビル2階,139.4138421514,35.699748235,150,和食,営業している
219,肉バル×個室ダイニング せかいち sekaichi 水道橋西口店,東京都千代田区神田三崎町３－4－6,139.7520696917,35.7011270874,80,居酒屋,営業している
220,しゃぶしゃぶ ゆらめき yurameki 新宿本店,東京都新宿区歌舞伎町１-23-12第10NKビル4階,139.7010742954,35.6944125916,70,居酒屋,営業している
221,凛月 新宿店,東京都新宿区新宿３－３４－１１ピースビル3F,139.7027737491,35.6905825128,130,居酒屋,営業している
222,光屋 HIKARIYA 渋谷本店,東京都渋谷区神南１-22-10皆川ビル3F,139.7010917276,35.6614357501,120,イタリアン・フレンチ,営業している
223,イタリアン食堂酒場 大手町厨房,東京都千代田区大手町１-6-1大手町ビルB2F,139.7648853096,35.6863124318,54,イタリアン・フレンチ,営業していない
224,餃子酒場 たくちゃん,東京都港区新橋３-１９-２西口加藤ビル 2F・3F・4F・5F,139.7575709512,35.6650576844,60,居酒屋,営業している
225,TOTORO 戸灯路 新宿東口店,東京都新宿区歌舞伎町１－１８－８第一モナビル４Ｆ,139.7017481132,35.6947564597,200,居酒屋,営業している
226,穴場酒場 新宿三丁目店,東京都新宿区新宿３-6-7第6三和ビル3F,139.7059345504,35.6916074818,94,居酒屋,営業している
227,塚田農場 池袋サンシャイン通り店 鹿児島県霧島市,東京都豊島区東池袋１－１５－２音羽ビル５Ｆ,139.7150099789,35.7308699679,130,居酒屋,営業している
228,個室で肉バル 味蔵 新橋店,東京都港区新橋３-１５-８精工ビル２階,139.7558041453,35.6653448271,95,居酒屋,営業している
229,旅情個室 寄右衛門 よりえもん 新宿店,東京都新宿区歌舞伎町１-17-13TIビル6F,139.7014015073,35.6939765383,140,居酒屋,営業している
230,ビストロランタン 二子玉川店,東京都世田谷区玉川３-15-16 金原ビル1F,139.6255847121,35.6152908773,60,イタリアン・フレンチ,営業していない
231,土間土間 下北沢店,東京都世田谷区北沢２－５－１０第５マツヤビル１Ｆ,139.6690655867,35.6607821915,90,居酒屋,営業している
232,モンスーンカフェ Monsoon Cafe お台場,東京都港区台場１－7－１アクアシティ内メディアージュ４F,139.7735813635,35.627819247,130,アジア・エスニック料理,営業している
233,塚田農場 府中店 鹿児島県霧島市,東京都府中市宮西町２-1-8 宮西KBビル 3F,139.4787083352,35.6706929549,116,居酒屋,営業している
234,DELIRIUM CAFE EBISU THE ROAST デリリウムカフェ 恵比寿 ザ ロースト,東京都渋谷区恵比寿１-11-5 GEMS恵比寿 1F,139.711847527,35.6464080067,70,ダイニングバー・バル,営業している
235,CONA コナ 浅草橋店,東京都台東区浅草橋１-８-６,139.7851290035,35.6967592974,66,居酒屋,営業していない
236,ピザ ステーキ ドリンク 290円酒場,東京都足立区竹の塚６－７－１４コーポ三愛Ｂ１Ｆ,139.792263875,35.7951011875,60,居酒屋,営業している
237,随苑 神田須田町,東京都千代田区神田須田町１‐４‐４神田須田町ビルＢ１,139.7681735717,35.694955991,130,中華,営業していない
238,浅草酒場 岡本,東京都台東区浅草１－４０－７,139.7943336885,35.7127644084,102,居酒屋,営業していない
239,ワイン居酒屋 ワイのすけ,東京都港区新橋４-19-4 コンシェリア新橋B1,139.75772124,35.6644644218,78,イタリアン・フレンチ,営業している
240,八王子ビアホール$LOFT$,東京都八王子市東町12-14 TADAOビル2-8F,139.3381338771,35.6581042625,100,居酒屋,営業している
241,金の蔵 池袋サンシャイン通り店,東京都豊島区東池袋１－２１－１１オーク池袋ビルＢ１Ｆ,139.7155649429,35.7305905697,252,居酒屋,営業している
242,ももや 中野店,東京都中野区中野５－５６－１５,139.6661561547,35.7082226033,65,居酒屋,営業している
243,菜香苑 神田小川町店,東京都千代田区神田小川町１-7 神田小川町ハイツ２Ｆ,139.765523838,35.6939310355,40,中華,営業していない
244,ビヤレストラン かまくら橋,東京都千代田区内神田２-２-１鎌倉河岸ビル1F,139.7675330055,35.6896662917,52,居酒屋,営業していない
245,YEBISU BAR エビスバー 神楽坂店,東京都新宿区神楽坂２-6PORTA神楽坂2階,139.7415880993,35.7007032437,102,居酒屋,営業していない
246,STEAK THE FIRST 日本橋,東京都中央区日本橋室町２-1-1日本橋三井タワーB1,139.7732390167,35.6870047995,38,洋食,営業していない
247,CONA 新宿歌舞伎町店,東京都新宿区歌舞伎町１-６-６橋本ビル１Ｆ,139.7026069692,35.6937571508,60,イタリアン・フレンチ,営業している
248,庄や 南大沢店,東京都八王子市南大沢２-3ファブ南大沢２階,139.3798792707,35.614449178,130,居酒屋,営業していない
249,ガーデン ダイニング グランドニッコー東京 台場,東京都港区台場２－６－１グランドニッコー東京 台場 １Ｆ,139.7713511189,35.6247834178,200,洋食,営業していない
250,楽蔵 府中店,東京都府中市宮西町１-5-1菱宏ビル4F,139.4787435858,35.6712981654,159,居酒屋,営業している
251,天府酒家 てんふしゅか 池袋東口店,東京都豊島区南池袋１－２６－２ 近代ビル６階,139.7136185099,35.7288979306,130,中華,営業している
252,焼肉 豚マダン トンマダン,東京都新宿区大久保１-15-7,139.7031244421,35.7002533773,50,韓国料理,営業していない
253,粋 iki 蒲田店,東京都大田区西蒲田７-67-10和昌ビル2F,139.7145445614,35.5619889644,100,居酒屋,営業している
254,音音 御茶ノ水ソラシティ店,東京都千代田区神田駿河台４-6御茶ノ水ソラシティ地下１階,139.7667021602,35.6986252607,92,居酒屋,営業していない
255,はなの舞 大山店,東京都板橋区大山東町５８‐２,139.7030158253,35.7489926046,118,居酒屋,営業している
256,大漁豊作 祭 飯田橋東口駅前店,東京都千代田区飯田橋４-9-8飯田橋プラザ1Ｆ,139.7452160931,35.7014801977,180,居酒屋,営業している
257,Bless‐gate ブレスゲート,東京都八王子市中町2-18鶴屋ビルB1,139.3376169669,35.6583508877,30,ダイニングバー・バル,営業している
258,焼肉製作所 チョルドゥンノム 新大久保店,東京都新宿区百人町２-1-1 K-PLAZA１号館１F,139.702281689,35.7014229453,104,韓国料理,営業していない
259,鳥彩々 北千住西口店,東京都足立区千住２－２０タケダビル１～３Ｆ,139.8017532011,35.7505606281,108,和食,営業していない
260,百えん屋 hyakuenya 渋谷道玄坂店,東京都渋谷区道玄坂２-28-5,139.6973932515,35.6589773171,48,焼肉・ホルモン,営業している
261,三是 市場仲間 西新宿店,東京都渋谷区代々木２丁目16-9玉川ビル1F,139.6960464172,35.6867988704,54,居酒屋,営業していない
262,巴里夕顔 銀座,東京都中央区銀座８‐８‐８銀座８８８ビル５F,139.7613168986,35.6681310497,90,洋食,営業していない
263,如月桃花 西口店,東京都豊島区西池袋１-33-7 ,139.71050197,35.7323335713,40,居酒屋,営業している
264,駒形 前川 本店,東京都台東区駒形２－１－２９,139.7963123153,35.7082024751,108,和食,営業していない
265,プロント イルバール PRONTO IL BAR 神谷町店,東京都港区虎ノ門５‐１‐５メトロシティ神谷町Ｂ１Ｆ,139.7452295528,35.6637247268,63,ダイニングバー・バル,営業していない
266,小尾羊 シャオウェイヤン 六本木店,東京都港区六本木７-13-2 アーバンビル204,139.7308501952,35.6643084435,58,中華,営業している
267,モン トレゾール 東京 mon tresor tokyo,東京都港区芝５－２２－８,139.7464886942,35.6478390484,33,イタリアン・フレンチ,営業している
268,男前料理 日本橋 はらから hara-kara,東京都中央区日本橋３-８-１４日本橋ビル１F,139.7733070658,35.6801105775,92,居酒屋,営業していない
269,炭火苑 吉祥寺,東京都武蔵野市吉祥寺本町１－１０－３－３Ｆ,139.5787009365,35.7052989341,75,焼肉・ホルモン,営業している
270,すたみな太郎 西新井店,東京都足立区栗原４-8-25,139.7856518323,35.783951989,202,焼肉・ホルモン,営業している
271,CHUBO はっぴ 大森 東口駅前店,東京都大田区大森北１-２-４ ヒューマックスパビリオン大森４階,139.7292922845,35.5876725805,76,居酒屋,営業している
272,ピエモンテ PIEMONTE,東京都八王子市明神町４－８－１３SICビル１F,139.3417446697,35.6583654396,60,イタリアン・フレンチ,営業していない
273,神戸焼肉 犇郷 東京店,東京都中野区江原町３-12-1 富士ビル1階,139.6744881363,35.7311527417,18,焼肉・ホルモン,営業している
274,銀座 日々輝,東京都中央区銀座８-2-8高坂ビル1階,139.7595980922,35.6697116592,14,ダイニングバー・バル,営業している
275,筑前屋 祐天寺店,東京都目黒区祐天寺２-14-3,139.6912410289,35.6373551426,80,居酒屋,営業している
276,えんじゃ,東京都北区赤羽１－１０－５赤羽ビル１～３F,139.7218018888,35.7794535624,50,居酒屋,営業している
277,台湾中華 東明飯店,東京都豊島区西池袋１-17-6 池袋西口センタービル3・4階,139.7083949742,35.7311608693,300,中華,営業していない
278,和ごころ,東京都新宿区四谷１－３高増屋ビル２Ｆ,139.7293316642,35.6862917612,24,居酒屋,営業している
279,かいり 恵比寿店,東京都渋谷区恵比寿西１-13-5 ブラッサム大六天ビル102,139.7079533751,35.6473633508,38,居酒屋,営業している
280,赤から 銀座店,東京都中央区銀座３－2－15ギンザ・グラッセ7F,139.7647291764,35.6733661072,76,居酒屋,営業していない
281,桜の藩 東京オペラシティ店,東京都新宿区西新宿３-20-2東京オペラシティ【地下１階】,139.686867074,35.6829523919,140,居酒屋,営業していない
282,きちんと 料理工房 仙川店,東京都調布市仙川町１－１８－３０タウンビル2F,139.5850710199,35.6618714979,60,居酒屋,営業している
283,中国料理 百番 不動前店,東京都品川区西五反田５-11-14,139.7138406963,35.6254604174,120,中華,営業していない
284,とり家 ゑび寿 えびす 恵比寿店,東京都渋谷区恵比寿西１-９-１第２ともえビル１階,139.7082141899,35.6472711459,59,居酒屋,営業している
285,貸切ダイニング TAKENOTSUKA,東京都渋谷区道玄坂２-23-1小池ビル4F,139.6963560675,35.6602218715,30,居酒屋,営業している
286,ナポレオン 経堂店,東京都世田谷区経堂１-4-10,139.6362713842,35.6480483069,50,居酒屋,営業している
287,香港居酒屋 福招門 新宿御苑前店,東京都新宿区新宿１－３６－５,139.7101456246,35.6905293824,80,中華,営業している
288,日本料理花,東京都中央区八丁堀２-１－７白鳳ビルB1F,139.7746009675,35.6770584557,20,和食,営業していない
289,鶏のチョモランマ,東京都葛飾区亀有３-8-5,139.8477278633,35.7653807481,34,居酒屋,営業している
290,江南亭,東京都新宿区四谷２-4-1ルネ四谷ビルB1,139.7264357849,35.6866474771,55,中華,営業していない
291,大連餃子基地 DALIAN ダリアン 町田店,東京都町田市原町田６-4-1東急ツインズEAST8階,139.4466247716,35.5424368325,60,中華,営業していない
292,和食郷土料理 個室居酒屋 豊洲屋 豊洲本店,東京都江東区豊洲３-1-1 ＩＨＩビル 1F,139.792979298,35.6590318095,80,居酒屋,営業していない
293,牛角 王子店,東京都北区王子１－６－６栗生ハイツ２F,139.7395624937,35.7545374022,61,居酒屋,営業している
294,カラオケ ベスト10 三軒茶屋店,東京都世田谷区三軒茶屋２-14-5 2階,139.6690707514,35.6427761635,37,カラオケ・パーティ,営業している
295,腹八分目 上野広小路店,東京都文京区湯島３－３９－１１ライワビル１・２・３Ｆ,139.772103271,35.7079435226,110,居酒屋,営業している
296,鶏ジロー 八王子店,東京都八王子市三崎町3-5第5山西ビル１F,139.336705149,35.6571221134,30,居酒屋,営業している
297,まぐろ家 浅草店,東京都台東区浅草２－１３－７,139.7928511895,35.7158681859,32,お好み焼き・もんじゃ,営業していない
298,卓球居酒屋 ぽん蔵 渋谷店,東京都渋谷区宇田川町12-7エメラルドビル6F,139.698008652,35.6615412115,60,ダイニングバー・バル,営業している
299,こだわり和食 豆福,東京都千代田区鍛冶町１-5-14,139.7715679355,35.6897899968,24,居酒屋,営業していない
300,但馬屋 浅草ROX・3G店,東京都台東区浅草１-25-15 浅草ＲＯＸ・３Ｇ2F,139.7927610396,35.7128826863,76,居酒屋,営業していない
